impact,check,contract,function,file,lines
Medium,reentrancy-no-eth,setCompliance,,node_modules/@tokenysolutions/t-rex/contracts/token/Token.sol,515-522
Medium,reentrancy-no-eth,_tokenCompliance,unbindToken(address(this)),node_modules/@tokenysolutions/t-rex/contracts/token/Token.sol,517
Medium,reentrancy-no-eth,_tokenCompliance = IModularCompliance(_compliance),,node_modules/@tokenysolutions/t-rex/contracts/token/Token.sol,519
Medium,reentrancy-no-eth,recoveryAddress,,node_modules/@tokenysolutions/t-rex/contracts/token/Token.sol,297-322
Medium,reentrancy-no-eth,_tokenIdentityRegistry,"registerIdentity(_newWallet,_onchainID,_tokenIdentityRegistry.investorCountry(_lostWallet))",node_modules/@tokenysolutions/t-rex/contracts/token/Token.sol,308-309
Medium,reentrancy-no-eth,"forcedTransfer(_lostWallet,_newWallet,investorTokens)",,node_modules/@tokenysolutions/t-rex/contracts/token/Token.sol,310
Medium,reentrancy-no-eth,_tokenCompliance,"transferred(_from,_to,_amount)",node_modules/@tokenysolutions/t-rex/contracts/token/Token.sol,445
Medium,reentrancy-no-eth,_balances[_from] = _balances[_from] - _amount,,node_modules/@tokenysolutions/t-rex/contracts/token/Token.sol,544
Medium,reentrancy-no-eth,_balances[_to] = _balances[_to] + _amount,,node_modules/@tokenysolutions/t-rex/contracts/token/Token.sol,545
Medium,reentrancy-no-eth,_frozenTokens[_from] = _frozenTokens[_from] - (tokensToUnfreeze),,node_modules/@tokenysolutions/t-rex/contracts/token/Token.sol,440
Medium,reentrancy-no-eth,"freezePartialTokens(_newWallet,frozenTokens)",,node_modules/@tokenysolutions/t-rex/contracts/token/Token.sol,312
Medium,reentrancy-no-eth,_frozenTokens[_userAddress] = _frozenTokens[_userAddress] + (_amount),,node_modules/@tokenysolutions/t-rex/contracts/token/Token.sol,491
Medium,tautology,init,,node_modules/@tokenysolutions/t-rex/contracts/token/Token.sol,100-132
Medium,tautology,"require(bool,string)(0 <= _decimals && _decimals <= 18,decimals between 0 and 18)",,node_modules/@tokenysolutions/t-rex/contracts/token/Token.sol,122
Medium,unused-return,isVerified,,node_modules/@tokenysolutions/t-rex/contracts/registry/implementation/IdentityRegistry.sol,173-223
Medium,unused-return,"(foundClaimTopic,scheme,issuer,sig,data,None) = identity(_userAddress)",getClaim(claimIds[j]),node_modules/@tokenysolutions/t-rex/contracts/registry/implementation/IdentityRegistry.sol,198
Low,shadowing-local,_owner,,node_modules/@tokenysolutions/t-rex/contracts/token/Token.sol,334
Low,shadowing-local,_owner,,node_modules/@openzeppelin/contracts-upgradeable/access/OwnableUpgradeable.sol,22
Low,shadowing-local,_owner,,node_modules/@tokenysolutions/t-rex/contracts/token/Token.sol,579
Low,missing-zero-check,_onchainID,,node_modules/@tokenysolutions/t-rex/contracts/token/Token.sol,107
Low,missing-zero-check,_tokenOnchainID = _onchainID,,node_modules/@tokenysolutions/t-rex/contracts/token/Token.sol,127
Low,missing-zero-check,_onchainID,,node_modules/@tokenysolutions/t-rex/contracts/token/Token.sol,180
Low,missing-zero-check,_tokenOnchainID = _onchainID,,node_modules/@tokenysolutions/t-rex/contracts/token/Token.sol,181
Low,calls-loop,mint,,node_modules/@tokenysolutions/t-rex/contracts/token/Token.sol,454-459
Low,calls-loop,"require(bool,string)(_tokenCompliance","canTransfer(address(0),_to,_amount),Compliance not followed)",node_modules/@tokenysolutions/t-rex/contracts/token/Token.sol,456
Low,calls-loop,isVerified,,node_modules/@tokenysolutions/t-rex/contracts/registry/implementation/IdentityRegistry.sol,173-223
Low,calls-loop,trustedIssuers = _tokenIssuersRegistry,getTrustedIssuersForClaimTopic(requiredClaimTopics[claimTopic]),node_modules/@tokenysolutions/t-rex/contracts/registry/implementation/IdentityRegistry.sol,187-188
Low,calls-loop,identity,,node_modules/@tokenysolutions/t-rex/contracts/registry/implementation/IdentityRegistry.sol,278-280
Low,calls-loop,_tokenIdentityStorage,storedIdentity(_userAddress),node_modules/@tokenysolutions/t-rex/contracts/registry/implementation/IdentityRegistry.sol,279
Low,calls-loop,forcedTransfer,,node_modules/@tokenysolutions/t-rex/contracts/token/Token.sol,431-449
Low,calls-loop,_tokenCompliance,"transferred(_from,_to,_amount)",node_modules/@tokenysolutions/t-rex/contracts/token/Token.sol,445
Low,calls-loop,transfer,,node_modules/@tokenysolutions/t-rex/contracts/token/Token.sol,417-426
Low,calls-loop,_tokenIdentityRegistry,"isVerified(_to) && _tokenCompliance.canTransfer(msg.sender,_to,_amount)",node_modules/@tokenysolutions/t-rex/contracts/token/Token.sol,420
Low,calls-loop,_validity = IClaimIssuer(issuer),"isClaimValid(identity(_userAddress),requiredClaimTopics[claimTopic],sig,data)",node_modules/@tokenysolutions/t-rex/contracts/registry/implementation/IdentityRegistry.sol,201-216
Low,calls-loop,_tokenCompliance,"created(_to,_amount)",node_modules/@tokenysolutions/t-rex/contracts/token/Token.sol,458
Low,calls-loop,"require(bool,string)(_tokenIdentityRegistry","isVerified(_to),Identity is not verified.)",node_modules/@tokenysolutions/t-rex/contracts/token/Token.sol,455
Low,calls-loop,registerIdentity,,node_modules/@tokenysolutions/t-rex/contracts/registry/implementation/IdentityRegistry.sol,266-273
Low,calls-loop,_tokenIdentityStorage,"addIdentityToStorage(_userAddress,_identity,_country)",node_modules/@tokenysolutions/t-rex/contracts/registry/implementation/IdentityRegistry.sol,271
Low,calls-loop,"(foundClaimTopic,scheme,issuer,sig,data,None) = identity(_userAddress)",getClaim(claimIds[j]),node_modules/@tokenysolutions/t-rex/contracts/registry/implementation/IdentityRegistry.sol,198
Low,calls-loop,burn,,node_modules/@tokenysolutions/t-rex/contracts/token/Token.sol,464-474
Low,calls-loop,_tokenCompliance,"destroyed(_userAddress,_amount)",node_modules/@tokenysolutions/t-rex/contracts/token/Token.sol,473
Low,calls-loop,_tokenIdentityRegistry,isVerified(_to),node_modules/@tokenysolutions/t-rex/contracts/token/Token.sol,443
Low,calls-loop,_tokenCompliance,"transferred(msg.sender,_to,_amount)",node_modules/@tokenysolutions/t-rex/contracts/token/Token.sol,422
Low,reentrancy-benign,recoveryAddress,,node_modules/@tokenysolutions/t-rex/contracts/token/Token.sol,297-322
Low,reentrancy-benign,_tokenIdentityRegistry,"registerIdentity(_newWallet,_onchainID,_tokenIdentityRegistry.investorCountry(_lostWallet))",node_modules/@tokenysolutions/t-rex/contracts/token/Token.sol,308-309
Low,reentrancy-benign,"forcedTransfer(_lostWallet,_newWallet,investorTokens)",,node_modules/@tokenysolutions/t-rex/contracts/token/Token.sol,310
Low,reentrancy-benign,_tokenCompliance,"transferred(_from,_to,_amount)",node_modules/@tokenysolutions/t-rex/contracts/token/Token.sol,445
Low,reentrancy-benign,"setAddressFrozen(_newWallet,true)",,node_modules/@tokenysolutions/t-rex/contracts/token/Token.sol,315
Low,reentrancy-benign,_frozen[_userAddress] = _freeze,,node_modules/@tokenysolutions/t-rex/contracts/token/Token.sol,480
Low,reentrancy-events,recoveryAddress,,node_modules/@tokenysolutions/t-rex/contracts/token/Token.sol,297-322
Low,reentrancy-events,_tokenIdentityRegistry,"registerIdentity(_newWallet,_onchainID,_tokenIdentityRegistry.investorCountry(_lostWallet))",node_modules/@tokenysolutions/t-rex/contracts/token/Token.sol,308-309
Low,reentrancy-events,"forcedTransfer(_lostWallet,_newWallet,investorTokens)",,node_modules/@tokenysolutions/t-rex/contracts/token/Token.sol,310
Low,reentrancy-events,_tokenCompliance,"transferred(_from,_to,_amount)",node_modules/@tokenysolutions/t-rex/contracts/token/Token.sol,445
Low,reentrancy-events,"AddressFrozen(_userAddress,_freeze,msg",sender),node_modules/@tokenysolutions/t-rex/contracts/token/Token.sol,482
Low,reentrancy-events,"setAddressFrozen(_newWallet,true)",,node_modules/@tokenysolutions/t-rex/contracts/token/Token.sol,315
Low,reentrancy-events,"TokensFrozen(_userAddress,_amount)",,node_modules/@tokenysolutions/t-rex/contracts/token/Token.sol,492
Low,reentrancy-events,"freezePartialTokens(_newWallet,frozenTokens)",,node_modules/@tokenysolutions/t-rex/contracts/token/Token.sol,312
Low,reentrancy-events,"TokensUnfrozen(_from,tokensToUnfreeze)",,node_modules/@tokenysolutions/t-rex/contracts/token/Token.sol,441
Low,reentrancy-events,"Transfer(_from,_to,_amount)",,node_modules/@tokenysolutions/t-rex/contracts/token/Token.sol,546
Low,reentrancy-events,updateCountry,,node_modules/@tokenysolutions/t-rex/contracts/registry/implementation/IdentityRegistry.sol,131-134
Low,reentrancy-events,_tokenIdentityStorage,"modifyStoredInvestorCountry(_userAddress,_country)",node_modules/@tokenysolutions/t-rex/contracts/registry/implementation/IdentityRegistry.sol,132
Low,reentrancy-events,"CountryUpdated(_userAddress,_country)",,node_modules/@tokenysolutions/t-rex/contracts/registry/implementation/IdentityRegistry.sol,133
Low,reentrancy-events,updateIdentity,,node_modules/@tokenysolutions/t-rex/contracts/registry/implementation/IdentityRegistry.sol,122-126
Low,reentrancy-events,_tokenIdentityStorage,"modifyStoredIdentity(_userAddress,_identity)",node_modules/@tokenysolutions/t-rex/contracts/registry/implementation/IdentityRegistry.sol,124
Low,reentrancy-events,"IdentityUpdated(oldIdentity,_identity)",,node_modules/@tokenysolutions/t-rex/contracts/registry/implementation/IdentityRegistry.sol,125
Low,reentrancy-events,deleteIdentity,,node_modules/@tokenysolutions/t-rex/contracts/registry/implementation/IdentityRegistry.sol,139-143
Low,reentrancy-events,_tokenIdentityStorage,removeIdentityFromStorage(_userAddress),node_modules/@tokenysolutions/t-rex/contracts/registry/implementation/IdentityRegistry.sol,141
Low,reentrancy-events,"IdentityRemoved(_userAddress,oldIdentity)",,node_modules/@tokenysolutions/t-rex/contracts/registry/implementation/IdentityRegistry.sol,142
Low,reentrancy-events,_tokenIdentityRegistry,deleteIdentity(_lostWallet),node_modules/@tokenysolutions/t-rex/contracts/token/Token.sol,317
Low,reentrancy-events,"RecoverySuccess(_lostWallet,_newWallet,_investorOnchainID)",,node_modules/@tokenysolutions/t-rex/contracts/token/Token.sol,318
Low,reentrancy-events,init,,node_modules/@tokenysolutions/t-rex/contracts/token/Token.sol,100-132
Low,reentrancy-events,setCompliance(_compliance),,node_modules/@tokenysolutions/t-rex/contracts/token/Token.sol,130
Low,reentrancy-events,_tokenCompliance,unbindToken(address(this)),node_modules/@tokenysolutions/t-rex/contracts/token/Token.sol,517
Low,reentrancy-events,_tokenCompliance,bindToken(address(this)),node_modules/@tokenysolutions/t-rex/contracts/token/Token.sol,520
Low,reentrancy-events,"UpdatedTokenInformation(_tokenName,_tokenSymbol,_tokenDecimals,_TOKEN_VERSION,_tokenOnchainID)",,node_modules/@tokenysolutions/t-rex/contracts/token/Token.sol,131
Low,reentrancy-events,registerIdentity,,node_modules/@tokenysolutions/t-rex/contracts/registry/implementation/IdentityRegistry.sol,266-273
Low,reentrancy-events,_tokenIdentityStorage,"addIdentityToStorage(_userAddress,_identity,_country)",node_modules/@tokenysolutions/t-rex/contracts/registry/implementation/IdentityRegistry.sol,271
Low,reentrancy-events,"IdentityRegistered(_userAddress,_identity)",,node_modules/@tokenysolutions/t-rex/contracts/registry/implementation/IdentityRegistry.sol,272
Low,reentrancy-events,setCompliance,,node_modules/@tokenysolutions/t-rex/contracts/token/Token.sol,515-522
Low,reentrancy-events,ComplianceAdded(_compliance),,node_modules/@tokenysolutions/t-rex/contracts/token/Token.sol,521
Informational,assembly,_revert,,node_modules/@openzeppelin/contracts-upgradeable/utils/AddressUpgradeable.sol,231-243
Informational,assembly,,,node_modules/@openzeppelin/contracts-upgradeable/utils/AddressUpgradeable.sol,236-239
Informational,boolean-equal,recoveryAddress,,node_modules/@tokenysolutions/t-rex/contracts/token/Token.sol,297-322
Informational,boolean-equal,_frozen[_lostWallet] == true,,node_modules/@tokenysolutions/t-rex/contracts/token/Token.sol,314
Informational,pragma,0,8.17,node_modules/@onchain-id/solidity/contracts/interface/IClaimIssuer.sol,2
Informational,pragma,0,8.17,node_modules/@onchain-id/solidity/contracts/interface/IERC734.sol,2
Informational,pragma,0,8.17,node_modules/@onchain-id/solidity/contracts/interface/IERC735.sol,2
Informational,pragma,0,8.17,node_modules/@onchain-id/solidity/contracts/interface/IIdentity.sol,2
Informational,pragma,0,8.17,node_modules/@tokenysolutions/t-rex/contracts/compliance/modular/IModularCompliance.sol,63
Informational,pragma,0,8.17,node_modules/@tokenysolutions/t-rex/contracts/registry/implementation/ClaimTopicsRegistry.sol,63
Informational,pragma,0,8.17,node_modules/@tokenysolutions/t-rex/contracts/registry/implementation/IdentityRegistry.sol,63
Informational,pragma,0,8.17,node_modules/@tokenysolutions/t-rex/contracts/registry/implementation/IdentityRegistryStorage.sol,63
Informational,pragma,0,8.17,node_modules/@tokenysolutions/t-rex/contracts/registry/implementation/TrustedIssuersRegistry.sol,64
Informational,pragma,0,8.17,node_modules/@tokenysolutions/t-rex/contracts/registry/interface/IClaimTopicsRegistry.sol,63
Informational,pragma,0,8.17,node_modules/@tokenysolutions/t-rex/contracts/registry/interface/IIdentityRegistry.sol,63
Informational,pragma,0,8.17,node_modules/@tokenysolutions/t-rex/contracts/registry/interface/IIdentityRegistryStorage.sol,63
Informational,pragma,0,8.17,node_modules/@tokenysolutions/t-rex/contracts/registry/interface/ITrustedIssuersRegistry.sol,64
Informational,pragma,0,8.17,node_modules/@tokenysolutions/t-rex/contracts/registry/storage/CTRStorage.sol,64
Informational,pragma,0,8.17,node_modules/@tokenysolutions/t-rex/contracts/registry/storage/IRSStorage.sol,64
Informational,pragma,0,8.17,node_modules/@tokenysolutions/t-rex/contracts/registry/storage/IRStorage.sol,64
Informational,pragma,0,8.17,node_modules/@tokenysolutions/t-rex/contracts/registry/storage/TIRStorage.sol,64
Informational,pragma,0,8.17,node_modules/@tokenysolutions/t-rex/contracts/roles/AgentRoleUpgradeable.sol,64
Informational,pragma,0,8.17,node_modules/@tokenysolutions/t-rex/contracts/roles/Roles.sol,64
Informational,pragma,0,8.17,node_modules/@tokenysolutions/t-rex/contracts/token/IToken.sol,64
Informational,pragma,0,8.17,node_modules/@tokenysolutions/t-rex/contracts/token/Token.sol,64
Informational,pragma,0,8.17,node_modules/@tokenysolutions/t-rex/contracts/token/TokenStorage.sol,64
Informational,pragma,0,8.17,contracts/TREXImports_0817.sol,2
Informational,pragma,0,8.17,contracts/_IncludeTrexToken.sol,3
Informational,pragma,^0,8.0,node_modules/@openzeppelin/contracts-upgradeable/access/OwnableUpgradeable.sol,4
Informational,pragma,^0,8.0,node_modules/@openzeppelin/contracts-upgradeable/utils/ContextUpgradeable.sol,4
Informational,pragma,^0,8.0,node_modules/@openzeppelin/contracts/token/ERC20/IERC20.sol,4
Informational,pragma,^0,8.1,node_modules/@openzeppelin/contracts-upgradeable/utils/AddressUpgradeable.sol,4
Informational,pragma,^0,8.2,node_modules/@openzeppelin/contracts-upgradeable/proxy/utils/Initializable.sol,4
Informational,costly-loop,_mint,,node_modules/@tokenysolutions/t-rex/contracts/token/Token.sol,552-560
Informational,costly-loop,_totalSupply = _totalSupply + _amount,,node_modules/@tokenysolutions/t-rex/contracts/token/Token.sol,557
Informational,costly-loop,removeTrustedIssuer,,node_modules/@tokenysolutions/t-rex/contracts/registry/implementation/TrustedIssuersRegistry.sol,98-126
Informational,costly-loop,_trustedIssuers,pop(),node_modules/@tokenysolutions/t-rex/contracts/registry/implementation/TrustedIssuersRegistry.sol,105
Informational,costly-loop,_burn,,node_modules/@tokenysolutions/t-rex/contracts/token/Token.sol,565-573
Informational,costly-loop,_totalSupply = _totalSupply - _amount,,node_modules/@tokenysolutions/t-rex/contracts/token/Token.sol,571
Informational,costly-loop,unbindIdentityRegistry,,node_modules/@tokenysolutions/t-rex/contracts/registry/implementation/IdentityRegistryStorage.sol,144-157
Informational,costly-loop,_identityRegistries,pop(),node_modules/@tokenysolutions/t-rex/contracts/registry/implementation/IdentityRegistryStorage.sol,151
Informational,costly-loop,removeClaimTopic,,node_modules/@tokenysolutions/t-rex/contracts/registry/implementation/ClaimTopicsRegistry.sol,91-101
Informational,costly-loop,_claimTopics,pop(),node_modules/@tokenysolutions/t-rex/contracts/registry/implementation/ClaimTopicsRegistry.sol,96
Informational,solc-version,0,8.17,node_modules/@tokenysolutions/t-rex/contracts/registry/implementation/TrustedIssuersRegistry.sol,64
Informational,solc-version,0,8.17,node_modules/@onchain-id/solidity/contracts/interface/IERC735.sol,2
Informational,solc-version,0,8.17,node_modules/@tokenysolutions/t-rex/contracts/token/Token.sol,64
Informational,solc-version,0,8.17,node_modules/@onchain-id/solidity/contracts/interface/IERC734.sol,2
Informational,solc-version,0,8.17,node_modules/@tokenysolutions/t-rex/contracts/registry/interface/ITrustedIssuersRegistry.sol,64
Informational,solc-version,0,8.17,node_modules/@onchain-id/solidity/contracts/interface/IIdentity.sol,2
Informational,solc-version,0,8.17,node_modules/@tokenysolutions/t-rex/contracts/registry/implementation/IdentityRegistryStorage.sol,63
Informational,solc-version,0,8.17,node_modules/@tokenysolutions/t-rex/contracts/token/TokenStorage.sol,64
Informational,solc-version,0,8.17,node_modules/@tokenysolutions/t-rex/contracts/roles/Roles.sol,64
Informational,solc-version,0,8.17,node_modules/@tokenysolutions/t-rex/contracts/roles/AgentRoleUpgradeable.sol,64
Informational,solc-version,^0,8.0,node_modules/@openzeppelin/contracts-upgradeable/utils/ContextUpgradeable.sol,4
Informational,solc-version,0,8.17,contracts/_IncludeTrexToken.sol,3
Informational,solc-version,0,8.17,node_modules/@tokenysolutions/t-rex/contracts/registry/implementation/IdentityRegistry.sol,63
Informational,solc-version,0,8.17,node_modules/@tokenysolutions/t-rex/contracts/token/IToken.sol,64
Informational,solc-version,0,8.17,node_modules/@onchain-id/solidity/contracts/interface/IClaimIssuer.sol,2
Informational,solc-version,^0,8.0,node_modules/@openzeppelin/contracts/token/ERC20/IERC20.sol,4
Informational,solc-version,0,8.17,node_modules/@tokenysolutions/t-rex/contracts/compliance/modular/IModularCompliance.sol,63
Informational,solc-version,0,8.17,node_modules/@tokenysolutions/t-rex/contracts/registry/implementation/ClaimTopicsRegistry.sol,63
Informational,solc-version,0,8.17,node_modules/@tokenysolutions/t-rex/contracts/registry/interface/IIdentityRegistryStorage.sol,63
Informational,solc-version,0,8.17,node_modules/@tokenysolutions/t-rex/contracts/registry/storage/CTRStorage.sol,64
Informational,solc-version,0,8.17,contracts/TREXImports_0817.sol,2
Informational,solc-version,0,8.17,node_modules/@tokenysolutions/t-rex/contracts/registry/interface/IClaimTopicsRegistry.sol,63
Informational,solc-version,0,8.17,node_modules/@tokenysolutions/t-rex/contracts/registry/interface/IIdentityRegistry.sol,63
Informational,solc-version,^0,8.2,node_modules/@openzeppelin/contracts-upgradeable/proxy/utils/Initializable.sol,4
Informational,solc-version,^0,8.1,node_modules/@openzeppelin/contracts-upgradeable/utils/AddressUpgradeable.sol,4
Informational,solc-version,0,8.17,node_modules/@tokenysolutions/t-rex/contracts/registry/storage/TIRStorage.sol,64
Informational,solc-version,^0,8.0,node_modules/@openzeppelin/contracts-upgradeable/access/OwnableUpgradeable.sol,4
Informational,solc-version,0,8.17,node_modules/@tokenysolutions/t-rex/contracts/registry/storage/IRStorage.sol,64
Informational,solc-version,0,8.17,node_modules/@tokenysolutions/t-rex/contracts/registry/storage/IRSStorage.sol,64
Informational,low-level-calls,functionDelegateCall,,node_modules/@openzeppelin/contracts-upgradeable/utils/AddressUpgradeable.sol,180-187
Informational,low-level-calls,"(success,returndata) = target",delegatecall(data),node_modules/@openzeppelin/contracts-upgradeable/utils/AddressUpgradeable.sol,185
Informational,low-level-calls,functionCallWithValue,,node_modules/@openzeppelin/contracts-upgradeable/utils/AddressUpgradeable.sol,128-137
Informational,low-level-calls,"(success,returndata) = target",call{value: value}(data),node_modules/@openzeppelin/contracts-upgradeable/utils/AddressUpgradeable.sol,135
Informational,low-level-calls,functionStaticCall,,node_modules/@openzeppelin/contracts-upgradeable/utils/AddressUpgradeable.sol,155-162
Informational,low-level-calls,"(success,returndata) = target",staticcall(data),node_modules/@openzeppelin/contracts-upgradeable/utils/AddressUpgradeable.sol,160
Informational,low-level-calls,sendValue,,node_modules/@openzeppelin/contracts-upgradeable/utils/AddressUpgradeable.sol,64-69
Informational,low-level-calls,(success) = recipient,call{value: amount}(),node_modules/@openzeppelin/contracts-upgradeable/utils/AddressUpgradeable.sol,67
Informational,naming-convention,_userAddresses,,node_modules/@tokenysolutions/t-rex/contracts/token/Token.sol,270
Informational,naming-convention,_userAddress,,node_modules/@tokenysolutions/t-rex/contracts/registry/implementation/IdentityRegistryStorage.sol,112
Informational,naming-convention,_identity,,node_modules/@tokenysolutions/t-rex/contracts/registry/implementation/IdentityRegistry.sol,122
Informational,naming-convention,_agent,,node_modules/@tokenysolutions/t-rex/contracts/roles/AgentRoleUpgradeable.sol,83
Informational,naming-convention,_userAddress,,node_modules/@tokenysolutions/t-rex/contracts/registry/implementation/IdentityRegistryStorage.sol,169
Informational,naming-convention,_userAddress,,node_modules/@tokenysolutions/t-rex/contracts/token/Token.sol,488
Informational,naming-convention,_identityRegistry,,node_modules/@tokenysolutions/t-rex/contracts/registry/implementation/IdentityRegistryStorage.sol,144
Informational,naming-convention,__gap,,node_modules/@tokenysolutions/t-rex/contracts/registry/storage/CTRStorage.sol,74
Informational,naming-convention,_spender,,node_modules/@tokenysolutions/t-rex/contracts/token/Token.sol,153
Informational,naming-convention,_newWallet,,node_modules/@tokenysolutions/t-rex/contracts/token/Token.sol,299
Informational,naming-convention,_userAddress,,node_modules/@tokenysolutions/t-rex/contracts/registry/implementation/IdentityRegistry.sol,173
Informational,naming-convention,__gap,,node_modules/@tokenysolutions/t-rex/contracts/registry/storage/IRSStorage.sol,84
Informational,naming-convention,_onchainID,,node_modules/@tokenysolutions/t-rex/contracts/token/Token.sol,107
Informational,naming-convention,_userAddress,,node_modules/@tokenysolutions/t-rex/contracts/token/Token.sol,369
Informational,naming-convention,_amount,,node_modules/@tokenysolutions/t-rex/contracts/token/Token.sol,498
Informational,naming-convention,_userAddress,,node_modules/@tokenysolutions/t-rex/contracts/registry/implementation/IdentityRegistry.sol,228
Informational,naming-convention,_trustedIssuersRegistry,,node_modules/@tokenysolutions/t-rex/contracts/registry/implementation/IdentityRegistry.sol,88
Informational,naming-convention,_addedValue,,node_modules/@tokenysolutions/t-rex/contracts/token/Token.sol,145
Informational,naming-convention,_amounts,,node_modules/@tokenysolutions/t-rex/contracts/token/Token.sol,261
Informational,naming-convention,_trustedIssuersRegistry,,node_modules/@tokenysolutions/t-rex/contracts/registry/implementation/IdentityRegistry.sol,164
Informational,naming-convention,_userAddress,,node_modules/@tokenysolutions/t-rex/contracts/registry/implementation/IdentityRegistryStorage.sol,122
Informational,naming-convention,_name,,node_modules/@tokenysolutions/t-rex/contracts/token/Token.sol,103
Informational,naming-convention,_claimTopicsRegistry,,node_modules/@tokenysolutions/t-rex/contracts/registry/implementation/IdentityRegistry.sol,156
Informational,naming-convention,_claimTopic,,node_modules/@tokenysolutions/t-rex/contracts/registry/implementation/ClaimTopicsRegistry.sol,78
Informational,naming-convention,_userAddress,,node_modules/@tokenysolutions/t-rex/contracts/registry/implementation/IdentityRegistry.sol,122
Informational,naming-convention,_amount,,node_modules/@tokenysolutions/t-rex/contracts/token/Token.sol,488
Informational,naming-convention,_identity,,node_modules/@tokenysolutions/t-rex/contracts/registry/implementation/IdentityRegistry.sol,268
Informational,naming-convention,__gap,,node_modules/@openzeppelin/contracts-upgradeable/utils/ContextUpgradeable.sol,36
Informational,naming-convention,_claimTopicsRegistry,,node_modules/@tokenysolutions/t-rex/contracts/registry/implementation/IdentityRegistry.sol,89
Informational,naming-convention,_lostWallet,,node_modules/@tokenysolutions/t-rex/contracts/token/Token.sol,298
Informational,naming-convention,_userAddress,,node_modules/@tokenysolutions/t-rex/contracts/token/Token.sol,362
Informational,naming-convention,_agent,,node_modules/@tokenysolutions/t-rex/contracts/roles/AgentRoleUpgradeable.sol,89
Informational,naming-convention,_userAddresses,,node_modules/@tokenysolutions/t-rex/contracts/registry/implementation/IdentityRegistry.sol,110
Informational,naming-convention,_userAddress,,node_modules/@tokenysolutions/t-rex/contracts/registry/implementation/IdentityRegistry.sol,139
Informational,naming-convention,_freeze,,node_modules/@tokenysolutions/t-rex/contracts/token/Token.sol,270
Informational,naming-convention,_claimTopics,,node_modules/@tokenysolutions/t-rex/contracts/registry/implementation/TrustedIssuersRegistry.sol,81
Informational,naming-convention,_claimTopic,,node_modules/@tokenysolutions/t-rex/contracts/registry/implementation/ClaimTopicsRegistry.sol,91
Informational,naming-convention,_owner,,node_modules/@tokenysolutions/t-rex/contracts/token/Token.sol,334
Informational,naming-convention,_amount,,node_modules/@tokenysolutions/t-rex/contracts/token/Token.sol,223
Informational,naming-convention,_userAddress,,node_modules/@tokenysolutions/t-rex/contracts/registry/implementation/IdentityRegistry.sol,267
Informational,naming-convention,_from,,node_modules/@tokenysolutions/t-rex/contracts/token/Token.sol,432
Informational,naming-convention,_onchainID,,node_modules/@tokenysolutions/t-rex/contracts/token/Token.sol,180
Informational,naming-convention,__Ownable_init,,node_modules/@openzeppelin/contracts-upgradeable/access/OwnableUpgradeable.sol,29-31
Informational,naming-convention,_trustedIssuer,,node_modules/@tokenysolutions/t-rex/contracts/registry/implementation/TrustedIssuersRegistry.sol,131
Informational,naming-convention,_country,,node_modules/@tokenysolutions/t-rex/contracts/registry/implementation/IdentityRegistry.sol,269
Informational,naming-convention,__IncludeTrexToken,,contracts/_IncludeTrexToken.sol,5-6
Informational,naming-convention,_claimTopics,,node_modules/@tokenysolutions/t-rex/contracts/registry/implementation/TrustedIssuersRegistry.sol,131
Informational,naming-convention,_amount,,node_modules/@tokenysolutions/t-rex/contracts/token/Token.sol,454
Informational,naming-convention,_userAddress,,node_modules/@tokenysolutions/t-rex/contracts/registry/implementation/IdentityRegistry.sol,256
Informational,naming-convention,__gap,,node_modules/@openzeppelin/contracts-upgradeable/access/OwnableUpgradeable.sol,94
Informational,naming-convention,_compliance,,node_modules/@tokenysolutions/t-rex/contracts/token/Token.sol,515
Informational,naming-convention,_amounts,,node_modules/@tokenysolutions/t-rex/contracts/token/Token.sol,288
Informational,naming-convention,_identities,,node_modules/@tokenysolutions/t-rex/contracts/registry/implementation/IdentityRegistry.sol,111
Informational,naming-convention,_symbol,,node_modules/@tokenysolutions/t-rex/contracts/token/Token.sol,170
Informational,naming-convention,_userAddress,,node_modules/@tokenysolutions/t-rex/contracts/registry/implementation/IdentityRegistry.sol,278
Informational,naming-convention,_trustedIssuer,,node_modules/@tokenysolutions/t-rex/contracts/registry/implementation/TrustedIssuersRegistry.sol,183
Informational,naming-convention,_investorOnchainID,,node_modules/@tokenysolutions/t-rex/contracts/token/Token.sol,300
Informational,naming-convention,__gap,,node_modules/@tokenysolutions/t-rex/contracts/registry/storage/IRStorage.sol,84
Informational,naming-convention,_identityRegistryStorage,,node_modules/@tokenysolutions/t-rex/contracts/registry/implementation/IdentityRegistry.sol,148
Informational,naming-convention,_subtractedValue,,node_modules/@tokenysolutions/t-rex/contracts/token/Token.sol,153
Informational,naming-convention,_toList,,node_modules/@tokenysolutions/t-rex/contracts/token/Token.sol,204
Informational,naming-convention,_userAddress,,node_modules/@tokenysolutions/t-rex/contracts/token/Token.sol,498
Informational,naming-convention,_fromList,,node_modules/@tokenysolutions/t-rex/contracts/token/Token.sol,240
Informational,naming-convention,_userAddress,,node_modules/@tokenysolutions/t-rex/contracts/token/Token.sol,527
Informational,naming-convention,_userAddress,,node_modules/@tokenysolutions/t-rex/contracts/registry/implementation/IdentityRegistryStorage.sol,176
Informational,naming-convention,__Context_init_unchained,,node_modules/@openzeppelin/contracts-upgradeable/utils/ContextUpgradeable.sol,21-22
Informational,naming-convention,_userAddress,,node_modules/@tokenysolutions/t-rex/contracts/registry/implementation/IdentityRegistryStorage.sol,81
Informational,naming-convention,_decimals,,node_modules/@tokenysolutions/t-rex/contracts/token/Token.sol,105
Informational,naming-convention,_trustedIssuer,,node_modules/@tokenysolutions/t-rex/contracts/registry/implementation/TrustedIssuersRegistry.sol,98
Informational,naming-convention,_amount,,node_modules/@tokenysolutions/t-rex/contracts/token/Token.sol,434
Informational,naming-convention,_to,,node_modules/@tokenysolutions/t-rex/contracts/token/Token.sol,454
Informational,naming-convention,_country,,node_modules/@tokenysolutions/t-rex/contracts/registry/implementation/IdentityRegistry.sol,131
Informational,naming-convention,_identityRegistry,,node_modules/@tokenysolutions/t-rex/contracts/token/Token.sol,507
Informational,naming-convention,_amount,,node_modules/@tokenysolutions/t-rex/contracts/token/Token.sol,417
Informational,naming-convention,_userAddress,,node_modules/@tokenysolutions/t-rex/contracts/registry/implementation/IdentityRegistryStorage.sol,98
Informational,naming-convention,_trustedIssuer,,node_modules/@tokenysolutions/t-rex/contracts/registry/implementation/TrustedIssuersRegistry.sol,81
Informational,naming-convention,_issuer,,node_modules/@tokenysolutions/t-rex/contracts/registry/implementation/TrustedIssuersRegistry.sol,173
Informational,naming-convention,_to,,node_modules/@tokenysolutions/t-rex/contracts/token/Token.sol,222
Informational,naming-convention,_userAddress,,node_modules/@tokenysolutions/t-rex/contracts/token/Token.sol,464
Informational,naming-convention,_amounts,,node_modules/@tokenysolutions/t-rex/contracts/token/Token.sol,252
Informational,naming-convention,__Ownable_init_unchained,,node_modules/@openzeppelin/contracts-upgradeable/access/OwnableUpgradeable.sol,33-35
Informational,naming-convention,_compliance,,node_modules/@tokenysolutions/t-rex/contracts/token/Token.sol,102
Informational,naming-convention,_spender,,node_modules/@tokenysolutions/t-rex/contracts/token/Token.sol,145
Informational,naming-convention,_spender,,node_modules/@tokenysolutions/t-rex/contracts/token/Token.sol,137
Informational,naming-convention,__gap,,node_modules/@tokenysolutions/t-rex/contracts/registry/storage/TIRStorage.sol,82
Informational,naming-convention,_identity,,node_modules/@tokenysolutions/t-rex/contracts/registry/implementation/IdentityRegistryStorage.sol,82
Informational,naming-convention,_countries,,node_modules/@tokenysolutions/t-rex/contracts/registry/implementation/IdentityRegistry.sol,112
Informational,naming-convention,_amounts,,node_modules/@tokenysolutions/t-rex/contracts/token/Token.sol,242
Informational,naming-convention,_from,,node_modules/@tokenysolutions/t-rex/contracts/token/Token.sol,221
Informational,naming-convention,_identityRegistry,,node_modules/@tokenysolutions/t-rex/contracts/token/Token.sol,101
Informational,naming-convention,_country,,node_modules/@tokenysolutions/t-rex/contracts/registry/implementation/IdentityRegistryStorage.sol,112
Informational,naming-convention,__gap,,node_modules/@tokenysolutions/t-rex/contracts/token/TokenStorage.sol,97
Informational,naming-convention,_identityRegistry,,node_modules/@tokenysolutions/t-rex/contracts/registry/implementation/IdentityRegistryStorage.sol,133
Informational,naming-convention,_userAddresses,,node_modules/@tokenysolutions/t-rex/contracts/token/Token.sol,279
Informational,naming-convention,_to,,node_modules/@tokenysolutions/t-rex/contracts/token/Token.sol,417
Informational,naming-convention,_name,,node_modules/@tokenysolutions/t-rex/contracts/token/Token.sol,161
Informational,naming-convention,_userAddresses,,node_modules/@tokenysolutions/t-rex/contracts/token/Token.sol,261
Informational,naming-convention,_issuer,,node_modules/@tokenysolutions/t-rex/contracts/registry/implementation/TrustedIssuersRegistry.sol,191
Informational,naming-convention,_claimTopic,,node_modules/@tokenysolutions/t-rex/contracts/registry/implementation/TrustedIssuersRegistry.sol,191
Informational,naming-convention,_userAddress,,node_modules/@tokenysolutions/t-rex/contracts/token/Token.sol,479
Informational,naming-convention,_to,,node_modules/@tokenysolutions/t-rex/contracts/token/Token.sol,433
Informational,naming-convention,_amount,,node_modules/@tokenysolutions/t-rex/contracts/token/Token.sol,464
Informational,naming-convention,_amounts,,node_modules/@tokenysolutions/t-rex/contracts/token/Token.sol,279
Informational,naming-convention,_amounts,,node_modules/@tokenysolutions/t-rex/contracts/token/Token.sol,204
Informational,naming-convention,_symbol,,node_modules/@tokenysolutions/t-rex/contracts/token/Token.sol,104
Informational,naming-convention,_identityStorage,,node_modules/@tokenysolutions/t-rex/contracts/registry/implementation/IdentityRegistry.sol,90
Informational,naming-convention,_agent,,node_modules/@tokenysolutions/t-rex/contracts/roles/AgentRoleUpgradeable.sol,95
Informational,naming-convention,_toList,,node_modules/@tokenysolutions/t-rex/contracts/token/Token.sol,241
Informational,naming-convention,__Context_init,,node_modules/@openzeppelin/contracts-upgradeable/utils/ContextUpgradeable.sol,18-19
Informational,naming-convention,_identity,,node_modules/@tokenysolutions/t-rex/contracts/registry/implementation/IdentityRegistryStorage.sol,98
Informational,naming-convention,_country,,node_modules/@tokenysolutions/t-rex/contracts/registry/implementation/IdentityRegistryStorage.sol,83
Informational,naming-convention,_toList,,node_modules/@tokenysolutions/t-rex/contracts/token/Token.sol,252
Informational,naming-convention,_freeze,,node_modules/@tokenysolutions/t-rex/contracts/token/Token.sol,479
Informational,naming-convention,_spender,,node_modules/@tokenysolutions/t-rex/contracts/token/Token.sol,334
Informational,naming-convention,_userAddresses,,node_modules/@tokenysolutions/t-rex/contracts/token/Token.sol,288
Informational,naming-convention,_userAddress,,node_modules/@tokenysolutions/t-rex/contracts/registry/implementation/IdentityRegistry.sol,131
Informational,naming-convention,_amount,,node_modules/@tokenysolutions/t-rex/contracts/token/Token.sol,137
Informational,similar-names,_claimTopic,,node_modules/@tokenysolutions/t-rex/contracts/registry/interface/ITrustedIssuersRegistry.sol,161
Informational,similar-names,claimTopics,,node_modules/@tokenysolutions/t-rex/contracts/registry/implementation/TrustedIssuersRegistry.sol,193
Informational,similar-names,_claimTopic,,node_modules/@tokenysolutions/t-rex/contracts/registry/implementation/TrustedIssuersRegistry.sol,191
